item_id,pedido_id,produto_id,quantidade,preco_unitario
1,1,5,3,531.02
2,2,2,1,4683.97
3,2,4,1,2871.8
4,3,18,1,4342.01
5,4,20,2,2581.14
6,4,7,2,4950.77
7,4,7,3,4950.77
8,4,18,3,4342.01
9,5,6,2,3094.29
10,5,2,3,4683.97
11,5,7,2,4950.77
12,5,12,3,3500.23
13,6,13,3,3527.3
14,7,14,3,1829.48
15,7,3,3,3495.35
16,8,12,1,3500.23
17,9,6,1,3094.29
18,10,18,3,4342.01
19,10,18,1,4342.01
20,11,6,2,3094.29
21,11,19,1,4570.54
22,11,2,1,4683.97
23,11,15,3,1503.28
24,12,13,1,3527.3
25,12,20,2,2581.14
26,12,16,2,4056.34
27,13,13,1,3527.3
28,14,1,2,2806.17
29,15,10,3,4393.0
30,15,4,2,2871.8
31,15,11,1,3716.8
32,16,11,3,3716.8
33,16,11,3,3716.8
34,16,7,2,4950.77
35,16,12,1,3500.23
36,17,5,3,531.02
37,17,7,1,4950.77
38,17,13,3,3527.3
39,17,9,1,2615.73
40,18,14,2,1829.48
41,18,14,2,1829.48
42,18,6,2,3094.29
43,19,16,3,4056.34
44,19,15,3,1503.28
45,19,14,2,1829.48
46,20,17,1,4060.06
47,20,7,1,4950.77
48,21,2,1,4683.97
49,22,20,3,2581.14
50,22,17,3,4060.06
51,22,1,3,2806.17
52,23,3,3,3495.35
53,23,14,2,1829.48
54,23,17,1,4060.06
55,23,10,3,4393.0
56,24,2,3,4683.97
57,24,1,3,2806.17
58,24,7,3,4950.77
59,24,13,1,3527.3
60,25,14,2,1829.48
61,26,9,1,2615.73
62,26,20,1,2581.14
63,26,7,3,4950.77
64,26,2,3,4683.97
65,27,6,1,3094.29
66,27,15,2,1503.28
67,27,3,2,3495.35
68,27,16,1,4056.34
69,28,12,1,3500.23
70,29,15,1,1503.28
71,29,11,3,3716.8
72,30,1,1,2806.17
73,30,15,2,1503.28
74,31,4,3,2871.8
75,31,17,3,4060.06
76,31,5,2,531.02
77,31,4,3,2871.8
78,32,12,2,3500.23
79,32,8,3,743.42
80,33,9,1,2615.73
81,33,17,1,4060.06
82,33,13,2,3527.3
83,33,7,3,4950.77
84,34,11,2,3716.8
85,34,13,3,3527.3
86,35,16,1,4056.34
87,35,10,2,4393.0
88,35,16,3,4056.34
89,36,6,1,3094.29
90,36,9,1,2615.73
91,36,4,2,2871.8
92,37,17,3,4060.06
93,37,19,3,4570.54
94,37,6,3,3094.29
95,38,8,3,743.42
96,38,4,1,2871.8
97,38,14,3,1829.48
98,38,3,3,3495.35
99,39,6,3,3094.29
100,39,1,3,2806.17
101,39,18,1,4342.01
102,39,6,2,3094.29
103,40,9,1,2615.73
104,40,19,3,4570.54
105,41,13,1,3527.3
106,42,5,3,531.02
107,42,1,2,2806.17
108,43,7,3,4950.77
109,43,3,2,3495.35
110,43,2,1,4683.97
111,43,10,3,4393.0
112,44,11,1,3716.8
113,44,18,2,4342.01
114,44,1,2,2806.17
115,44,15,1,1503.28
116,45,2,2,4683.97
117,45,5,2,531.02
118,45,12,1,3500.23
119,45,3,3,3495.35
120,46,5,2,531.02
121,46,18,1,4342.01
122,47,11,1,3716.8
123,47,8,2,743.42
124,47,8,2,743.42
125,48,4,3,2871.8
126,49,9,1,2615.73
127,50,18,3,4342.01
128,50,11,2,3716.8
129,50,6,2,3094.29
130,50,1,2,2806.17
131,51,20,3,2581.14
132,52,1,1,2806.17
133,52,10,1,4393.0
134,52,20,1,2581.14
135,52,7,1,4950.77
136,53,14,2,1829.48
137,53,14,2,1829.48
138,53,3,1,3495.35
139,54,12,3,3500.23
140,54,1,3,2806.17
141,54,15,1,1503.28
142,54,5,1,531.02
143,55,17,2,4060.06
144,56,1,2,2806.17
145,57,11,3,3716.8
146,57,7,2,4950.77
147,57,13,1,3527.3
148,58,10,3,4393.0
149,58,7,1,4950.77
150,58,20,2,2581.14
151,58,3,3,3495.35
152,59,17,1,4060.06
153,59,1,2,2806.17
154,59,20,1,2581.14
155,60,8,3,743.42
156,60,12,1,3500.23
157,61,7,3,4950.77
158,61,18,1,4342.01
159,61,8,1,743.42
160,61,9,3,2615.73
161,62,5,1,531.02
162,62,6,2,3094.29
163,63,3,2,3495.35
164,63,3,2,3495.35
165,63,11,3,3716.8
166,63,13,3,3527.3
167,64,10,3,4393.0
168,65,6,2,3094.29
169,66,6,3,3094.29
170,66,5,3,531.02
171,66,20,1,2581.14
172,66,13,1,3527.3
173,67,8,1,743.42
174,68,3,1,3495.35
175,68,17,2,4060.06
176,69,14,1,1829.48
177,69,8,1,743.42
178,69,14,1,1829.48
179,70,20,3,2581.14
180,70,19,2,4570.54
181,71,9,1,2615.73
182,71,12,3,3500.23
183,71,3,1,3495.35
184,72,17,3,4060.06
185,72,16,2,4056.34
186,72,16,2,4056.34
187,72,9,3,2615.73
188,73,14,1,1829.48
189,73,18,3,4342.01
190,74,10,1,4393.0
191,75,14,1,1829.48
192,75,13,1,3527.3
193,75,19,1,4570.54
194,75,4,1,2871.8
195,76,4,3,2871.8
196,76,8,1,743.42
197,76,14,2,1829.48
198,77,2,1,4683.97
199,77,20,2,2581.14
200,77,10,2,4393.0
201,77,14,2,1829.48
202,78,1,2,2806.17
203,78,18,1,4342.01
204,78,15,3,1503.28
205,79,7,1,4950.77
206,79,1,1,2806.17
207,79,4,3,2871.8
208,80,16,3,4056.34
209,80,10,1,4393.0
210,81,8,1,743.42
211,81,15,2,1503.28
212,82,13,2,3527.3
213,83,10,2,4393.0
214,83,14,2,1829.48
215,84,19,2,4570.54
216,84,15,3,1503.28
217,85,3,2,3495.35
218,85,6,1,3094.29
219,86,20,1,2581.14
220,87,10,3,4393.0
221,88,12,2,3500.23
222,88,17,1,4060.06
223,89,12,2,3500.23
224,90,13,1,3527.3
225,90,9,1,2615.73
226,90,17,2,4060.06
227,90,16,2,4056.34
228,91,3,3,3495.35
229,91,11,2,3716.8
230,91,15,2,1503.28
231,91,4,2,2871.8
232,92,8,2,743.42
233,92,19,2,4570.54
234,92,6,1,3094.29
235,92,3,2,3495.35
236,93,13,3,3527.3
237,93,12,3,3500.23
238,94,8,1,743.42
239,94,16,3,4056.34
240,95,18,1,4342.01
241,95,2,3,4683.97
242,96,4,3,2871.8
243,96,17,2,4060.06
244,96,17,3,4060.06
245,96,8,2,743.42
246,97,6,1,3094.29
247,97,19,1,4570.54
248,97,10,2,4393.0
249,97,19,1,4570.54
250,98,19,3,4570.54
251,98,16,2,4056.34
252,98,3,3,3495.35
253,99,14,2,1829.48
254,99,1,2,2806.17
255,99,18,3,4342.01
256,99,7,1,4950.77
257,100,17,2,4060.06
258,100,9,3,2615.73
259,100,16,1,4056.34
260,101,12,2,3500.23
261,102,2,1,4683.97
262,102,12,3,3500.23
263,103,7,3,4950.77
264,103,17,3,4060.06
265,103,16,1,4056.34
266,103,12,3,3500.23
267,104,7,1,4950.77
268,104,5,2,531.02
269,104,9,1,2615.73
270,104,3,3,3495.35
271,105,2,1,4683.97
272,106,2,2,4683.97
273,106,13,3,3527.3
274,106,18,2,4342.01
275,107,20,2,2581.14
276,107,1,1,2806.17
277,108,16,2,4056.34
278,108,5,2,531.02
279,108,16,3,4056.34
280,109,6,1,3094.29
281,110,6,3,3094.29
282,110,4,3,2871.8
283,110,15,1,1503.28
284,111,19,1,4570.54
285,111,10,1,4393.0
286,111,6,2,3094.29
287,112,20,1,2581.14
288,112,16,3,4056.34
289,113,7,2,4950.77
290,113,9,1,2615.73
291,113,14,2,1829.48
292,114,16,1,4056.34
293,114,15,1,1503.28
294,114,14,2,1829.48
295,114,3,1,3495.35
296,115,18,1,4342.01
297,115,14,1,1829.48
298,115,8,1,743.42
299,116,13,2,3527.3
300,117,11,2,3716.8
301,118,11,2,3716.8
302,118,9,3,2615.73
303,119,16,2,4056.34
304,120,20,3,2581.14
305,120,7,2,4950.77
306,121,15,3,1503.28
307,121,6,2,3094.29
308,122,11,1,3716.8
309,122,11,3,3716.8
310,123,1,2,2806.17
311,123,3,3,3495.35
312,123,14,2,1829.48
313,123,10,1,4393.0
314,124,16,1,4056.34
315,124,12,1,3500.23
316,125,13,1,3527.3
317,125,11,1,3716.8
318,126,18,1,4342.01
319,126,14,1,1829.48
320,126,14,3,1829.48
321,126,5,2,531.02
322,127,12,1,3500.23
323,128,9,3,2615.73
324,128,19,3,4570.54
325,128,15,2,1503.28
326,128,19,3,4570.54
327,129,8,1,743.42
328,129,4,2,2871.8
329,129,8,2,743.42
330,129,17,3,4060.06
331,130,20,1,2581.14
332,130,13,2,3527.3
333,131,8,3,743.42
334,131,15,1,1503.28
335,131,12,2,3500.23
336,132,18,1,4342.01
337,132,11,3,3716.8
338,132,6,1,3094.29
339,132,3,1,3495.35
340,133,20,2,2581.14
341,133,7,1,4950.77
342,133,20,3,2581.14
343,134,19,2,4570.54
344,134,15,1,1503.28
345,135,20,3,2581.14
346,135,6,3,3094.29
347,135,2,2,4683.97
348,136,11,2,3716.8
349,136,2,2,4683.97
350,137,20,2,2581.14
351,138,15,2,1503.28
352,139,3,3,3495.35
353,139,11,3,3716.8
354,139,4,3,2871.8
355,139,17,1,4060.06
356,140,7,3,4950.77
357,140,10,3,4393.0
358,141,10,2,4393.0
359,141,4,1,2871.8
360,141,8,3,743.42
361,141,17,3,4060.06
362,142,8,3,743.42
363,142,12,3,3500.23
364,142,8,2,743.42
365,142,2,2,4683.97
366,143,2,2,4683.97
367,143,14,3,1829.48
368,143,4,2,2871.8
369,144,9,1,2615.73
370,144,15,1,1503.28
371,144,14,1,1829.48
372,144,4,1,2871.8
373,145,19,3,4570.54
374,146,5,1,531.02
375,147,18,3,4342.01
376,148,12,1,3500.23
377,149,10,3,4393.0
378,149,11,1,3716.8
379,149,5,1,531.02
380,149,20,3,2581.14
381,150,17,2,4060.06
382,150,8,3,743.42
383,150,2,3,4683.97
384,151,11,3,3716.8
385,152,6,3,3094.29
386,152,17,1,4060.06
387,152,14,2,1829.48
388,152,7,2,4950.77
389,153,16,1,4056.34
390,153,9,3,2615.73
391,153,16,2,4056.34
392,153,14,3,1829.48
393,154,15,1,1503.28
394,154,6,3,3094.29
395,154,16,1,4056.34
396,154,5,1,531.02
397,155,5,2,531.02
398,155,8,2,743.42
399,156,18,3,4342.01
400,157,14,1,1829.48
401,157,10,1,4393.0
402,157,20,1,2581.14
403,158,4,1,2871.8
404,159,3,2,3495.35
405,160,5,2,531.02
406,160,18,1,4342.01
407,160,13,3,3527.3
408,160,11,2,3716.8
409,161,18,1,4342.01
410,162,16,3,4056.34
411,162,19,1,4570.54
412,162,20,1,2581.14
413,162,19,1,4570.54
414,163,7,2,4950.77
415,163,18,3,4342.01
416,163,15,3,1503.28
417,163,3,1,3495.35
418,164,8,2,743.42
419,165,2,3,4683.97
420,165,17,2,4060.06
421,165,4,2,2871.8
422,165,3,3,3495.35
423,166,20,1,2581.14
424,166,2,2,4683.97
425,166,6,1,3094.29
426,166,2,1,4683.97
427,167,13,3,3527.3
428,168,2,1,4683.97
429,168,1,1,2806.17
430,168,19,2,4570.54
431,168,2,1,4683.97
432,169,4,3,2871.8
433,170,15,2,1503.28
434,171,4,1,2871.8
435,171,6,3,3094.29
436,171,19,3,4570.54
437,172,6,1,3094.29
438,172,10,1,4393.0
439,172,13,1,3527.3
440,173,9,1,2615.73
441,174,6,2,3094.29
442,174,4,1,2871.8
443,174,15,3,1503.28
444,174,10,1,4393.0
445,175,6,3,3094.29
446,175,9,3,2615.73
447,175,17,3,4060.06
448,175,9,3,2615.73
449,176,6,1,3094.29
450,177,1,2,2806.17
451,177,6,2,3094.29
452,178,11,3,3716.8
453,178,11,3,3716.8
454,178,15,3,1503.28
455,179,3,1,3495.35
456,179,18,2,4342.01
457,179,9,1,2615.73
458,179,3,3,3495.35
459,180,6,3,3094.29
460,180,20,1,2581.14
461,180,4,3,2871.8
462,180,15,2,1503.28
463,181,17,2,4060.06
464,182,19,2,4570.54
465,182,10,1,4393.0
466,182,7,2,4950.77
467,182,13,1,3527.3
468,183,14,3,1829.48
469,184,9,1,2615.73
470,185,7,2,4950.77
471,185,3,2,3495.35
472,185,18,1,4342.01
473,186,4,1,2871.8
474,187,5,3,531.02
475,188,20,1,2581.14
476,188,10,3,4393.0
477,188,1,3,2806.17
478,189,11,3,3716.8
479,189,2,2,4683.97
480,189,3,2,3495.35
481,189,3,3,3495.35
482,190,17,3,4060.06
483,190,15,2,1503.28
484,191,4,1,2871.8
485,191,16,1,4056.34
486,191,14,3,1829.48
487,192,1,3,2806.17
488,192,6,1,3094.29
489,192,16,2,4056.34
490,193,9,2,2615.73
491,193,13,3,3527.3
492,193,19,2,4570.54
493,193,2,1,4683.97
494,194,18,3,4342.01
495,194,15,3,1503.28
496,194,14,3,1829.48
497,195,7,2,4950.77
498,195,14,3,1829.48
499,195,5,3,531.02
500,196,17,2,4060.06
501,196,16,2,4056.34
502,196,4,2,2871.8
503,197,15,3,1503.28
504,197,16,1,4056.34
505,197,1,2,2806.17
506,197,1,2,2806.17
507,198,13,2,3527.3
508,198,9,2,2615.73
509,198,9,2,2615.73
510,199,17,2,4060.06
511,199,2,1,4683.97
512,199,3,3,3495.35
513,200,20,3,2581.14
514,200,10,2,4393.0
515,200,15,1,1503.28
516,200,1,2,2806.17
517,201,17,2,4060.06
518,202,12,1,3500.23
519,202,6,3,3094.29
520,202,1,2,2806.17
521,202,17,2,4060.06
522,203,20,2,2581.14
523,203,20,3,2581.14
524,203,17,1,4060.06
525,203,10,2,4393.0
526,204,11,2,3716.8
527,204,7,1,4950.77
528,204,8,1,743.42
529,204,7,2,4950.77
530,205,14,3,1829.48
531,205,6,3,3094.29
532,205,10,1,4393.0
533,205,14,2,1829.48
534,206,1,3,2806.17
535,206,4,1,2871.8
536,206,9,1,2615.73
537,206,7,2,4950.77
538,207,10,3,4393.0
539,207,5,3,531.02
540,207,7,2,4950.77
541,207,5,3,531.02
542,208,17,1,4060.06
543,208,16,1,4056.34
544,209,13,3,3527.3
545,209,20,1,2581.14
546,210,19,1,4570.54
547,210,2,2,4683.97
548,210,12,2,3500.23
549,211,10,1,4393.0
550,212,18,1,4342.01
551,213,18,3,4342.01
552,213,6,1,3094.29
553,213,19,1,4570.54
554,213,9,2,2615.73
555,214,7,1,4950.77
556,214,13,2,3527.3
557,214,3,2,3495.35
558,215,15,3,1503.28
559,215,11,1,3716.8
560,216,6,3,3094.29
561,216,10,1,4393.0
562,216,3,3,3495.35
563,217,8,1,743.42
564,217,1,2,2806.17
565,217,11,1,3716.8
566,217,12,2,3500.23
567,218,10,2,4393.0
568,218,15,1,1503.28
569,218,3,1,3495.35
570,219,12,2,3500.23
571,219,19,1,4570.54
572,219,8,2,743.42
573,219,7,2,4950.77
574,220,13,2,3527.3
575,220,1,1,2806.17
576,220,12,2,3500.23
577,221,20,3,2581.14
578,222,7,1,4950.77
579,223,1,2,2806.17
580,223,19,3,4570.54
581,223,4,2,2871.8
582,223,6,2,3094.29
583,224,10,2,4393.0
584,224,9,1,2615.73
585,224,14,1,1829.48
586,224,15,1,1503.28
587,225,6,3,3094.29
588,226,18,2,4342.01
589,226,16,1,4056.34
590,226,14,3,1829.48
591,226,16,1,4056.34
592,227,7,1,4950.77
593,227,6,3,3094.29
594,227,14,3,1829.48
595,227,1,3,2806.17
596,228,7,2,4950.77
597,228,2,3,4683.97
598,228,3,3,3495.35
599,228,19,1,4570.54
600,229,12,1,3500.23
601,229,1,3,2806.17
602,230,3,1,3495.35
603,230,20,3,2581.14
604,230,8,3,743.42
605,230,6,1,3094.29
606,231,8,1,743.42
607,231,4,1,2871.8
608,232,11,3,3716.8
609,232,11,3,3716.8
610,233,19,1,4570.54
611,233,7,1,4950.77
612,233,8,1,743.42
613,233,12,2,3500.23
614,234,11,1,3716.8
615,235,13,2,3527.3
616,235,17,2,4060.06
617,235,13,2,3527.3
618,235,7,1,4950.77
619,236,16,3,4056.34
620,236,20,2,2581.14
621,237,2,1,4683.97
622,237,1,3,2806.17
623,237,12,2,3500.23
624,238,3,2,3495.35
625,238,4,3,2871.8
626,238,4,2,2871.8
627,239,14,2,1829.48
628,239,8,3,743.42
629,240,18,2,4342.01
630,240,7,2,4950.77
631,240,14,1,1829.48
632,241,20,2,2581.14
633,241,16,2,4056.34
634,241,16,3,4056.34
635,242,4,3,2871.8
636,242,3,1,3495.35
637,242,12,1,3500.23
638,243,9,1,2615.73
639,243,7,3,4950.77
640,243,12,1,3500.23
641,244,20,2,2581.14
642,244,9,1,2615.73
643,244,14,3,1829.48
644,245,12,3,3500.23
645,246,1,1,2806.17
646,246,14,1,1829.48
647,246,11,1,3716.8
648,247,12,1,3500.23
649,247,3,1,3495.35
650,247,9,3,2615.73
651,248,5,2,531.02
652,248,20,3,2581.14
653,249,17,3,4060.06
654,249,5,2,531.02
655,250,19,1,4570.54
656,250,18,1,4342.01
657,251,16,1,4056.34
658,251,12,3,3500.23
659,252,7,1,4950.77
660,253,2,2,4683.97
661,254,1,3,2806.17
662,254,7,3,4950.77
663,255,4,1,2871.8
664,255,1,1,2806.17
665,256,7,2,4950.77
666,256,18,1,4342.01
667,256,17,1,4060.06
668,256,14,3,1829.48
669,257,1,3,2806.17
670,257,19,1,4570.54
671,257,8,1,743.42
672,257,10,1,4393.0
673,258,15,2,1503.28
674,258,2,3,4683.97
675,258,20,1,2581.14
676,259,12,3,3500.23
677,260,1,3,2806.17
678,261,4,2,2871.8
679,262,13,3,3527.3
680,262,18,1,4342.01
681,262,20,3,2581.14
682,262,8,1,743.42
683,263,15,3,1503.28
684,263,12,2,3500.23
685,263,15,2,1503.28
686,264,10,3,4393.0
687,264,13,3,3527.3
688,265,15,3,1503.28
689,265,14,1,1829.48
690,266,6,3,3094.29
691,266,15,2,1503.28
692,266,14,2,1829.48
693,266,18,3,4342.01
694,267,2,2,4683.97
695,267,19,3,4570.54
696,267,10,2,4393.0
697,267,16,1,4056.34
698,268,15,2,1503.28
699,268,13,1,3527.3
700,268,6,3,3094.29
701,268,18,3,4342.01
702,269,13,2,3527.3
703,269,6,1,3094.29
704,269,6,3,3094.29
705,269,19,1,4570.54
706,270,3,3,3495.35
707,271,9,1,2615.73
708,271,9,3,2615.73
709,271,16,1,4056.34
710,271,18,2,4342.01
711,272,16,3,4056.34
712,272,8,3,743.42
713,272,10,2,4393.0
714,273,2,1,4683.97
715,274,1,2,2806.17
716,274,18,1,4342.01
717,275,7,2,4950.77
718,276,20,3,2581.14
719,276,16,2,4056.34
720,276,12,2,3500.23
721,277,15,3,1503.28
722,277,7,1,4950.77
723,277,17,2,4060.06
724,278,8,1,743.42
725,279,9,1,2615.73
726,279,6,2,3094.29
727,279,2,1,4683.97
728,280,1,1,2806.17
729,280,2,1,4683.97
730,280,9,1,2615.73
731,281,13,2,3527.3
732,282,19,1,4570.54
733,283,18,3,4342.01
734,284,18,2,4342.01
735,284,5,1,531.02
736,284,16,1,4056.34
737,284,4,2,2871.8
738,285,14,1,1829.48
739,286,5,2,531.02
740,286,13,1,3527.3
741,286,3,2,3495.35
742,286,1,3,2806.17
743,287,13,1,3527.3
744,287,15,1,1503.28
745,287,17,3,4060.06
746,288,5,3,531.02
747,289,16,1,4056.34
748,289,17,2,4060.06
749,289,14,3,1829.48
750,289,12,2,3500.23
751,290,19,1,4570.54
752,291,16,3,4056.34
753,291,13,1,3527.3
754,292,12,1,3500.23
755,292,20,2,2581.14
756,292,13,2,3527.3
757,293,9,2,2615.73
758,293,14,2,1829.48
759,294,6,1,3094.29
760,294,10,3,4393.0
761,294,8,3,743.42
762,294,9,2,2615.73
763,295,18,2,4342.01
764,295,19,1,4570.54
765,296,10,2,4393.0
766,297,11,2,3716.8
767,297,20,1,2581.14
768,297,10,1,4393.0
769,297,13,1,3527.3
770,298,19,2,4570.54
771,298,14,1,1829.48
772,298,7,1,4950.77
773,299,8,2,743.42
774,299,12,1,3500.23
775,299,14,1,1829.48
776,299,4,3,2871.8
777,300,8,2,743.42
778,300,16,2,4056.34
779,300,4,2,2871.8
780,300,9,3,2615.73
781,301,7,1,4950.77
782,301,5,2,531.02
783,301,12,3,3500.23
784,302,19,2,4570.54
785,302,1,2,2806.17
786,303,13,2,3527.3
787,304,9,1,2615.73
788,304,5,3,531.02
789,304,1,2,2806.17
790,305,19,2,4570.54
791,305,7,3,4950.77
792,306,10,2,4393.0
793,306,10,3,4393.0
794,307,7,1,4950.77
795,308,3,3,3495.35
796,308,13,3,3527.3
797,308,19,3,4570.54
798,308,12,2,3500.23
799,309,3,3,3495.35
800,310,15,1,1503.28
801,311,20,3,2581.14
802,311,3,3,3495.35
803,311,7,2,4950.77
804,312,8,3,743.42
805,312,4,2,2871.8
806,313,13,1,3527.3
807,313,5,3,531.02
808,313,6,1,3094.29
809,313,13,3,3527.3
810,314,10,3,4393.0
811,314,19,3,4570.54
812,314,14,1,1829.48
813,314,14,1,1829.48
814,315,11,1,3716.8
815,315,10,3,4393.0
816,315,3,3,3495.35
817,315,10,1,4393.0
818,316,20,2,2581.14
819,316,1,3,2806.17
820,316,16,2,4056.34
821,317,16,3,4056.34
822,317,3,2,3495.35
823,318,12,1,3500.23
824,318,11,1,3716.8
825,318,7,3,4950.77
826,319,11,1,3716.8
827,319,17,2,4060.06
828,319,8,3,743.42
829,320,9,2,2615.73
830,320,1,1,2806.17
831,320,6,2,3094.29
832,320,12,1,3500.23
833,321,15,3,1503.28
834,322,9,3,2615.73
835,322,2,3,4683.97
836,322,13,2,3527.3
837,323,5,2,531.02
838,323,5,3,531.02
839,324,5,3,531.02
840,324,12,3,3500.23
841,324,8,2,743.42
842,324,3,2,3495.35
843,325,16,2,4056.34
844,325,13,1,3527.3
845,326,14,2,1829.48
846,326,2,2,4683.97
847,326,16,1,4056.34
848,326,2,2,4683.97
849,327,14,2,1829.48
850,328,1,3,2806.17
851,329,8,3,743.42
852,329,12,1,3500.23
853,329,18,2,4342.01
854,330,9,1,2615.73
855,330,13,3,3527.3
856,330,5,2,531.02
857,330,7,1,4950.77
858,331,4,2,2871.8
859,331,10,2,4393.0
860,331,11,1,3716.8
861,332,15,2,1503.28
862,332,20,3,2581.14
863,332,14,3,1829.48
864,332,10,1,4393.0
865,333,10,2,4393.0
866,333,17,1,4060.06
867,333,7,3,4950.77
868,333,12,2,3500.23
869,334,20,2,2581.14
870,334,19,2,4570.54
871,335,4,1,2871.8
872,335,8,2,743.42
873,335,11,1,3716.8
874,336,11,3,3716.8
875,336,19,2,4570.54
876,336,10,3,4393.0
877,336,15,2,1503.28
878,337,18,1,4342.01
879,337,3,3,3495.35
880,337,18,1,4342.01
881,337,7,3,4950.77
882,338,14,2,1829.48
883,339,6,3,3094.29
884,340,11,1,3716.8
885,340,13,1,3527.3
886,340,18,2,4342.01
887,340,1,1,2806.17
888,341,18,2,4342.01
889,341,4,1,2871.8
890,341,18,3,4342.01
891,341,14,2,1829.48
892,342,1,1,2806.17
893,343,20,1,2581.14
894,344,12,1,3500.23
895,344,19,2,4570.54
896,344,16,2,4056.34
897,345,14,2,1829.48
898,346,1,2,2806.17
899,346,11,3,3716.8
900,346,9,2,2615.73
901,347,12,3,3500.23
902,347,17,3,4060.06
903,348,8,1,743.42
904,348,20,3,2581.14
905,348,6,1,3094.29
906,348,8,2,743.42
907,349,2,1,4683.97
908,349,1,1,2806.17
909,349,16,3,4056.34
910,349,19,2,4570.54
911,350,11,2,3716.8
912,350,19,1,4570.54
913,351,12,3,3500.23
914,351,3,2,3495.35
915,351,8,3,743.42
916,352,5,1,531.02
917,353,5,3,531.02
918,353,14,2,1829.48
919,353,11,1,3716.8
920,354,20,2,2581.14
921,354,12,3,3500.23
922,354,4,1,2871.8
923,355,16,2,4056.34
924,355,11,2,3716.8
925,356,7,2,4950.77
926,356,6,2,3094.29
927,357,13,1,3527.3
928,357,4,2,2871.8
929,357,12,1,3500.23
930,358,17,2,4060.06
931,358,9,2,2615.73
932,359,15,3,1503.28
933,359,20,1,2581.14
934,359,12,3,3500.23
935,359,3,3,3495.35
936,360,10,3,4393.0
937,360,12,2,3500.23
938,360,20,1,2581.14
939,360,20,2,2581.14
940,361,11,3,3716.8
941,362,20,2,2581.14
942,362,8,1,743.42
943,362,4,2,2871.8
944,363,4,3,2871.8
945,363,7,3,4950.77
946,364,18,1,4342.01
947,364,6,3,3094.29
948,365,15,2,1503.28
949,365,8,2,743.42
950,365,4,1,2871.8
951,366,14,1,1829.48
952,366,17,2,4060.06
953,366,15,3,1503.28
954,366,14,2,1829.48
955,367,16,2,4056.34
956,368,1,2,2806.17
957,368,5,1,531.02
958,368,6,2,3094.29
959,368,10,2,4393.0
960,369,9,1,2615.73
961,369,18,3,4342.01
962,369,12,1,3500.23
963,369,19,3,4570.54
964,370,1,1,2806.17
965,371,8,2,743.42
966,371,6,3,3094.29
967,372,4,3,2871.8
968,372,10,3,4393.0
969,373,1,2,2806.17
970,373,12,2,3500.23
971,374,5,3,531.02
972,374,3,2,3495.35
973,375,9,3,2615.73
974,375,6,3,3094.29
975,375,18,3,4342.01
976,376,4,2,2871.8
977,376,8,3,743.42
978,376,3,2,3495.35
979,377,20,1,2581.14
980,377,7,1,4950.77
981,377,14,3,1829.48
982,378,3,1,3495.35
983,378,9,2,2615.73
984,378,2,2,4683.97
985,378,12,3,3500.23
986,379,1,2,2806.17
987,379,9,2,2615.73
988,380,18,1,4342.01
989,380,15,3,1503.28
990,380,12,3,3500.23
991,380,16,1,4056.34
992,381,11,3,3716.8
993,381,7,1,4950.77
994,381,19,3,4570.54
995,382,12,2,3500.23
996,383,16,1,4056.34
997,383,3,1,3495.35
998,384,19,2,4570.54
999,384,18,2,4342.01
1000,384,1,2,2806.17
1001,385,16,3,4056.34
1002,385,3,3,3495.35
1003,385,10,2,4393.0
1004,385,9,3,2615.73
1005,386,17,2,4060.06
1006,386,3,1,3495.35
1007,386,13,2,3527.3
1008,386,7,2,4950.77
1009,387,3,2,3495.35
1010,387,2,2,4683.97
1011,388,4,2,2871.8
1012,389,15,3,1503.28
1013,389,7,1,4950.77
1014,389,6,3,3094.29
1015,389,17,1,4060.06
1016,390,14,3,1829.48
1017,390,9,2,2615.73
1018,390,11,3,3716.8
1019,391,5,2,531.02
1020,391,3,3,3495.35
1021,391,14,1,1829.48
1022,391,4,2,2871.8
1023,392,6,1,3094.29
1024,392,6,2,3094.29
1025,392,19,1,4570.54
1026,392,5,2,531.02
1027,393,10,1,4393.0
1028,394,12,3,3500.23
1029,394,18,2,4342.01
1030,394,16,3,4056.34
1031,394,8,1,743.42
1032,395,9,3,2615.73
1033,395,15,3,1503.28
1034,395,20,3,2581.14
1035,396,14,2,1829.48
1036,396,16,3,4056.34
1037,396,19,3,4570.54
1038,397,7,1,4950.77
1039,397,8,1,743.42
1040,397,6,3,3094.29
1041,398,15,3,1503.28
1042,398,3,2,3495.35
1043,398,4,3,2871.8
1044,399,10,3,4393.0
1045,400,8,1,743.42
1046,400,2,1,4683.97
1047,401,12,2,3500.23
1048,401,1,3,2806.17
1049,401,11,2,3716.8
1050,402,19,3,4570.54
1051,402,1,3,2806.17
1052,403,14,2,1829.48
1053,404,9,3,2615.73
1054,405,3,1,3495.35
1055,405,16,2,4056.34
1056,405,18,1,4342.01
1057,406,3,2,3495.35
1058,406,17,3,4060.06
1059,406,19,3,4570.54
1060,407,13,2,3527.3
1061,407,6,3,3094.29
1062,407,4,2,2871.8
1063,407,8,3,743.42
1064,408,12,2,3500.23
1065,409,18,2,4342.01
1066,409,17,1,4060.06
1067,409,6,2,3094.29
1068,410,14,2,1829.48
1069,410,15,2,1503.28
1070,410,18,2,4342.01
1071,410,19,3,4570.54
1072,411,13,1,3527.3
1073,411,2,1,4683.97
1074,411,12,2,3500.23
1075,412,7,2,4950.77
1076,412,5,2,531.02
1077,412,7,3,4950.77
1078,413,13,1,3527.3
1079,414,6,2,3094.29
1080,414,16,1,4056.34
1081,414,18,3,4342.01
1082,415,16,1,4056.34
1083,415,12,1,3500.23
1084,415,15,1,1503.28
1085,415,14,1,1829.48
1086,416,1,2,2806.17
1087,416,20,3,2581.14
1088,417,11,1,3716.8
1089,418,12,1,3500.23
1090,418,12,3,3500.23
1091,418,15,2,1503.28
1092,418,6,2,3094.29
1093,419,17,2,4060.06
1094,419,2,2,4683.97
1095,420,19,1,4570.54
1096,420,19,3,4570.54
1097,421,2,3,4683.97
1098,422,4,2,2871.8
1099,422,7,3,4950.77
1100,423,18,2,4342.01
1101,424,7,1,4950.77
1102,425,8,1,743.42
1103,425,1,2,2806.17
1104,425,4,2,2871.8
1105,425,7,1,4950.77
1106,426,10,3,4393.0
1107,426,11,3,3716.8
1108,427,2,3,4683.97
1109,428,3,3,3495.35
1110,429,17,3,4060.06
1111,429,14,2,1829.48
1112,430,14,2,1829.48
1113,431,12,1,3500.23
1114,431,9,3,2615.73
1115,431,3,2,3495.35
1116,431,3,3,3495.35
1117,432,12,1,3500.23
1118,433,20,3,2581.14
1119,433,19,1,4570.54
1120,434,7,1,4950.77
1121,435,3,2,3495.35
1122,435,9,3,2615.73
1123,435,7,3,4950.77
1124,436,8,1,743.42
1125,436,17,3,4060.06
1126,437,10,3,4393.0
1127,437,20,1,2581.14
1128,438,18,1,4342.01
1129,439,10,3,4393.0
1130,439,10,3,4393.0
1131,439,19,2,4570.54
1132,440,20,3,2581.14
1133,441,12,3,3500.23
1134,441,14,2,1829.48
1135,442,9,2,2615.73
1136,442,4,2,2871.8
1137,442,2,1,4683.97
1138,442,12,2,3500.23
1139,443,8,3,743.42
1140,443,7,3,4950.77
1141,443,20,2,2581.14
1142,444,7,1,4950.77
1143,444,3,3,3495.35
1144,444,16,3,4056.34
1145,444,19,2,4570.54
1146,445,20,3,2581.14
1147,446,1,2,2806.17
1148,446,17,1,4060.06
1149,447,9,3,2615.73
1150,448,13,3,3527.3
1151,448,4,3,2871.8
1152,448,12,1,3500.23
1153,448,17,2,4060.06
1154,449,14,3,1829.48
1155,450,16,3,4056.34
1156,450,3,3,3495.35
1157,450,4,3,2871.8
1158,450,1,3,2806.17
1159,451,20,1,2581.14
1160,451,7,1,4950.77
1161,451,6,3,3094.29
1162,452,20,3,2581.14
1163,452,13,2,3527.3
1164,452,4,1,2871.8
1165,453,9,1,2615.73
1166,453,9,3,2615.73
1167,453,14,3,1829.48
1168,454,6,3,3094.29
1169,455,19,2,4570.54
1170,455,9,1,2615.73
1171,455,20,1,2581.14
1172,456,8,3,743.42
1173,456,19,3,4570.54
1174,457,17,2,4060.06
1175,457,5,1,531.02
1176,457,1,2,2806.17
1177,457,13,3,3527.3
1178,458,14,2,1829.48
1179,458,16,1,4056.34
1180,459,20,3,2581.14
1181,459,13,2,3527.3
1182,460,19,3,4570.54
1183,460,17,3,4060.06
1184,460,20,2,2581.14
1185,461,16,3,4056.34
1186,461,9,1,2615.73
1187,461,20,1,2581.14
1188,461,15,2,1503.28
1189,462,9,2,2615.73
1190,463,20,3,2581.14
1191,463,17,3,4060.06
1192,463,20,1,2581.14
1193,463,16,1,4056.34
1194,464,6,1,3094.29
1195,464,10,2,4393.0
1196,464,4,3,2871.8
1197,464,18,2,4342.01
1198,465,9,3,2615.73
1199,465,17,2,4060.06
1200,465,15,1,1503.28
1201,465,18,2,4342.01
1202,466,9,1,2615.73
1203,466,2,1,4683.97
1204,466,1,2,2806.17
1205,466,19,3,4570.54
1206,467,10,2,4393.0
1207,467,13,1,3527.3
1208,468,20,2,2581.14
1209,469,3,1,3495.35
1210,470,10,1,4393.0
1211,470,6,3,3094.29
1212,471,17,1,4060.06
1213,472,7,1,4950.77
1214,473,19,3,4570.54
1215,473,9,2,2615.73
1216,473,8,3,743.42
1217,474,14,3,1829.48
1218,474,8,2,743.42
1219,474,6,1,3094.29
1220,475,5,3,531.02
1221,476,20,2,2581.14
1222,476,15,1,1503.28
1223,476,7,3,4950.77
1224,476,12,2,3500.23
1225,477,1,3,2806.17
1226,477,14,2,1829.48
1227,478,4,3,2871.8
1228,478,1,1,2806.17
1229,478,15,1,1503.28
1230,478,13,3,3527.3
1231,479,10,2,4393.0
1232,479,13,1,3527.3
1233,479,17,2,4060.06
1234,480,10,1,4393.0
1235,480,11,3,3716.8
1236,481,1,1,2806.17
1237,481,2,3,4683.97
1238,481,18,3,4342.01
1239,482,6,3,3094.29
1240,483,4,1,2871.8
1241,483,5,1,531.02
1242,484,6,1,3094.29
1243,484,20,1,2581.14
1244,484,20,3,2581.14
1245,485,17,3,4060.06
1246,485,20,2,2581.14
1247,485,17,3,4060.06
1248,486,17,2,4060.06
1249,486,16,2,4056.34
1250,486,20,1,2581.14
1251,486,16,2,4056.34
1252,487,15,2,1503.28
1253,487,4,2,2871.8
1254,488,13,2,3527.3
1255,488,5,1,531.02
1256,488,18,1,4342.01
1257,489,19,1,4570.54
1258,489,5,3,531.02
1259,489,18,3,4342.01
1260,490,6,2,3094.29
1261,491,15,1,1503.28
1262,491,18,3,4342.01
1263,492,12,1,3500.23
1264,492,17,2,4060.06
1265,492,10,1,4393.0
1266,493,9,1,2615.73
1267,494,1,3,2806.17
1268,495,8,2,743.42
1269,495,17,1,4060.06
1270,495,18,3,4342.01
1271,496,18,3,4342.01
1272,496,9,2,2615.73
1273,496,16,2,4056.34
1274,497,3,1,3495.35
1275,497,13,2,3527.3
1276,497,12,1,3500.23
1277,498,7,3,4950.77
1278,499,4,2,2871.8
1279,499,15,1,1503.28
1280,500,20,2,2581.14
1281,500,16,3,4056.34
1282,500,20,2,2581.14
1283,501,8,1,743.42
1284,501,16,2,4056.34
1285,502,8,2,743.42
1286,502,13,1,3527.3
1287,503,6,1,3094.29
1288,503,12,2,3500.23
1289,503,3,1,3495.35
1290,503,19,2,4570.54
1291,504,3,1,3495.35
1292,504,19,3,4570.54
1293,504,1,2,2806.17
1294,504,9,2,2615.73
1295,505,6,2,3094.29
1296,505,2,1,4683.97
1297,506,5,1,531.02
1298,506,13,2,3527.3
1299,506,15,2,1503.28
1300,507,15,3,1503.28
1301,507,7,1,4950.77
1302,507,17,2,4060.06
1303,507,11,3,3716.8
1304,508,3,3,3495.35
1305,508,20,1,2581.14
1306,509,16,3,4056.34
1307,509,1,2,2806.17
1308,510,8,1,743.42
1309,510,2,1,4683.97
1310,511,12,3,3500.23
1311,511,17,2,4060.06
1312,511,10,3,4393.0
1313,511,20,1,2581.14
1314,512,7,2,4950.77
1315,512,14,1,1829.48
1316,513,8,2,743.42
1317,513,6,1,3094.29
1318,514,8,1,743.42
1319,514,10,3,4393.0
1320,515,19,3,4570.54
1321,516,18,2,4342.01
1322,516,13,3,3527.3
1323,516,4,1,2871.8
1324,517,8,2,743.42
1325,517,1,2,2806.17
1326,517,3,2,3495.35
1327,517,3,1,3495.35
1328,518,14,1,1829.48
1329,518,4,1,2871.8
1330,518,18,3,4342.01
1331,519,1,3,2806.17
1332,519,2,2,4683.97
1333,519,11,1,3716.8
1334,519,19,3,4570.54
1335,520,12,1,3500.23
1336,520,9,3,2615.73
1337,520,5,3,531.02
1338,520,18,3,4342.01
1339,521,16,1,4056.34
1340,521,20,3,2581.14
1341,522,15,2,1503.28
1342,523,8,1,743.42
1343,523,5,1,531.02
1344,523,11,2,3716.8
1345,524,20,2,2581.14
1346,524,18,2,4342.01
1347,525,10,1,4393.0
1348,526,6,3,3094.29
1349,526,1,1,2806.17
1350,527,18,2,4342.01
1351,527,12,1,3500.23
1352,527,15,2,1503.28
1353,527,3,3,3495.35
1354,528,7,3,4950.77
1355,528,2,2,4683.97
1356,529,15,1,1503.28
1357,529,17,1,4060.06
1358,529,2,2,4683.97
1359,530,1,2,2806.17
1360,530,10,3,4393.0
1361,531,19,1,4570.54
1362,531,1,1,2806.17
1363,532,7,3,4950.77
1364,532,16,2,4056.34
1365,532,18,3,4342.01
1366,532,15,3,1503.28
1367,533,6,2,3094.29
1368,533,20,1,2581.14
1369,533,11,1,3716.8
1370,533,17,3,4060.06
1371,534,11,1,3716.8
1372,534,20,3,2581.14
1373,534,2,1,4683.97
1374,534,14,3,1829.48
1375,535,15,3,1503.28
1376,535,19,3,4570.54
1377,535,2,1,4683.97
1378,535,19,3,4570.54
1379,536,9,3,2615.73
1380,536,2,1,4683.97
1381,536,17,1,4060.06
1382,536,11,2,3716.8
1383,537,11,1,3716.8
1384,537,18,1,4342.01
1385,538,20,1,2581.14
1386,538,4,1,2871.8
1387,539,6,1,3094.29
1388,539,18,2,4342.01
1389,539,11,2,3716.8
1390,540,15,1,1503.28
1391,541,2,3,4683.97
1392,542,2,3,4683.97
1393,542,11,2,3716.8
1394,543,14,1,1829.48
1395,543,15,3,1503.28
1396,543,7,2,4950.77
1397,544,11,2,3716.8
1398,544,11,2,3716.8
1399,544,19,3,4570.54
1400,544,10,3,4393.0
1401,545,7,1,4950.77
1402,545,15,2,1503.28
1403,545,5,1,531.02
1404,545,8,1,743.42
1405,546,19,3,4570.54
1406,547,4,3,2871.8
1407,547,3,3,3495.35
1408,547,14,1,1829.48
1409,548,14,2,1829.48
1410,549,17,3,4060.06
1411,549,9,2,2615.73
1412,550,2,3,4683.97
1413,550,13,3,3527.3
1414,551,9,1,2615.73
1415,552,6,3,3094.29
1416,553,2,2,4683.97
1417,554,13,1,3527.3
1418,554,16,2,4056.34
1419,554,2,1,4683.97
1420,554,15,2,1503.28
1421,555,10,2,4393.0
1422,556,15,2,1503.28
1423,556,2,1,4683.97
1424,557,15,3,1503.28
1425,557,7,1,4950.77
1426,557,20,2,2581.14
1427,558,4,1,2871.8
1428,558,6,3,3094.29
1429,559,8,1,743.42
1430,560,7,3,4950.77
1431,560,16,1,4056.34
1432,561,14,2,1829.48
1433,561,18,3,4342.01
1434,562,16,2,4056.34
1435,562,12,3,3500.23
1436,562,1,3,2806.17
1437,563,15,1,1503.28
1438,563,6,1,3094.29
1439,563,9,2,2615.73
1440,564,8,3,743.42
1441,564,7,3,4950.77
1442,564,12,2,3500.23
1443,565,18,1,4342.01
1444,565,6,3,3094.29
1445,565,7,1,4950.77
1446,566,9,3,2615.73
1447,567,18,1,4342.01
1448,568,13,1,3527.3
1449,568,12,3,3500.23
1450,568,12,3,3500.23
1451,569,17,3,4060.06
1452,570,19,3,4570.54
1453,571,19,2,4570.54
1454,571,17,3,4060.06
1455,571,1,2,2806.17
1456,571,3,3,3495.35
1457,572,10,1,4393.0
1458,572,2,2,4683.97
1459,573,4,1,2871.8
1460,574,11,2,3716.8
1461,574,14,1,1829.48
1462,575,18,2,4342.01
1463,576,3,3,3495.35
1464,577,1,3,2806.17
1465,578,3,2,3495.35
1466,578,7,2,4950.77
1467,578,19,3,4570.54
1468,578,7,1,4950.77
1469,579,2,2,4683.97
1470,579,3,1,3495.35
1471,580,13,3,3527.3
1472,581,8,2,743.42
1473,581,8,1,743.42
1474,582,13,3,3527.3
1475,582,2,3,4683.97
1476,583,4,2,2871.8
1477,584,4,2,2871.8
1478,584,13,1,3527.3
1479,584,9,3,2615.73
1480,584,11,1,3716.8
1481,585,19,3,4570.54
1482,585,12,2,3500.23
1483,585,7,2,4950.77
1484,585,17,1,4060.06
1485,586,6,2,3094.29
1486,586,7,2,4950.77
1487,587,20,3,2581.14
1488,588,19,1,4570.54
1489,589,17,2,4060.06
1490,589,18,3,4342.01
1491,589,7,1,4950.77
1492,589,8,1,743.42
1493,590,5,2,531.02
1494,591,11,1,3716.8
1495,591,2,2,4683.97
1496,591,1,1,2806.17
1497,592,19,1,4570.54
1498,592,10,2,4393.0
1499,592,16,2,4056.34
1500,593,16,1,4056.34
1501,593,12,2,3500.23
1502,594,17,3,4060.06
1503,594,11,3,3716.8
1504,595,6,2,3094.29
1505,595,7,2,4950.77
1506,595,11,3,3716.8
1507,595,8,3,743.42
1508,596,14,1,1829.48
1509,596,9,1,2615.73
1510,596,6,1,3094.29
1511,596,8,2,743.42
1512,597,17,2,4060.06
1513,598,8,3,743.42
1514,598,17,2,4060.06
1515,598,11,1,3716.8
1516,599,2,3,4683.97
1517,599,9,3,2615.73
1518,599,4,3,2871.8
1519,599,14,2,1829.48
1520,600,2,2,4683.97
1521,601,9,1,2615.73
1522,602,6,2,3094.29
1523,602,11,1,3716.8
1524,602,10,2,4393.0
1525,602,8,1,743.42
1526,603,11,3,3716.8
1527,603,11,2,3716.8
1528,603,3,2,3495.35
1529,604,7,1,4950.77
1530,604,12,3,3500.23
1531,604,1,3,2806.17
1532,605,20,1,2581.14
1533,605,2,1,4683.97
1534,605,11,2,3716.8
1535,605,5,1,531.02
1536,606,6,3,3094.29
1537,606,4,3,2871.8
1538,606,11,3,3716.8
1539,606,17,3,4060.06
1540,607,4,1,2871.8
1541,607,2,3,4683.97
1542,607,3,3,3495.35
1543,608,5,3,531.02
1544,608,17,2,4060.06
1545,608,16,3,4056.34
1546,609,13,1,3527.3
1547,609,12,2,3500.23
1548,609,8,1,743.42
1549,609,19,2,4570.54
1550,610,9,2,2615.73
1551,610,2,3,4683.97
1552,610,19,2,4570.54
1553,610,1,1,2806.17
1554,611,1,3,2806.17
1555,612,16,1,4056.34
1556,612,11,1,3716.8
1557,612,2,1,4683.97
1558,613,13,3,3527.3
1559,614,15,3,1503.28
1560,614,14,2,1829.48
1561,614,11,3,3716.8
1562,614,8,3,743.42
1563,615,6,3,3094.29
1564,615,4,3,2871.8
1565,615,13,2,3527.3
1566,615,4,1,2871.8
1567,616,14,1,1829.48
1568,617,12,2,3500.23
1569,617,7,3,4950.77
1570,617,17,2,4060.06
1571,618,20,2,2581.14
1572,618,12,3,3500.23
1573,619,2,2,4683.97
1574,620,4,2,2871.8
1575,620,5,3,531.02
1576,620,5,3,531.02
1577,621,9,2,2615.73
1578,622,16,3,4056.34
1579,622,1,1,2806.17
1580,622,7,2,4950.77
1581,623,15,2,1503.28
1582,623,14,1,1829.48
1583,623,20,3,2581.14
1584,623,20,2,2581.14
1585,624,20,1,2581.14
1586,624,20,1,2581.14
1587,624,1,1,2806.17
1588,624,18,2,4342.01
1589,625,20,3,2581.14
1590,625,2,2,4683.97
1591,626,19,1,4570.54
1592,626,12,2,3500.23
1593,627,20,1,2581.14
1594,627,11,2,3716.8
1595,628,15,2,1503.28
1596,629,7,2,4950.77
1597,630,8,3,743.42
1598,631,9,1,2615.73
1599,631,17,1,4060.06
1600,631,20,2,2581.14
1601,632,7,2,4950.77
1602,632,8,2,743.42
1603,633,5,3,531.02
1604,634,6,2,3094.29
1605,635,3,2,3495.35
1606,635,19,3,4570.54
1607,636,7,3,4950.77
1608,636,14,1,1829.48
1609,636,7,1,4950.77
1610,637,17,3,4060.06
1611,637,14,1,1829.48
1612,638,16,1,4056.34
1613,639,2,3,4683.97
1614,640,15,1,1503.28
1615,641,16,3,4056.34
1616,641,16,1,4056.34
1617,641,4,1,2871.8
1618,642,9,1,2615.73
1619,642,2,3,4683.97
1620,642,4,2,2871.8
1621,642,1,1,2806.17
1622,643,12,1,3500.23
1623,643,10,1,4393.0
1624,643,1,3,2806.17
1625,643,19,3,4570.54
1626,644,6,1,3094.29
1627,644,13,3,3527.3
1628,644,12,2,3500.23
1629,645,13,2,3527.3
1630,645,8,2,743.42
1631,646,5,2,531.02
1632,646,19,2,4570.54
1633,646,3,3,3495.35
1634,646,6,2,3094.29
1635,647,8,2,743.42
1636,647,12,1,3500.23
1637,647,2,1,4683.97
1638,648,8,3,743.42
1639,648,5,3,531.02
1640,648,4,2,2871.8
1641,649,2,3,4683.97
1642,649,11,1,3716.8
1643,649,1,2,2806.17
1644,650,8,2,743.42
1645,650,7,1,4950.77
1646,650,13,3,3527.3
1647,650,17,3,4060.06
1648,651,7,2,4950.77
1649,651,12,1,3500.23
1650,651,5,1,531.02
1651,652,2,2,4683.97
1652,652,20,2,2581.14
1653,652,19,1,4570.54
1654,652,11,3,3716.8
1655,653,4,3,2871.8
1656,654,8,2,743.42
1657,654,11,2,3716.8
1658,655,14,1,1829.48
1659,655,5,2,531.02
1660,655,3,3,3495.35
1661,655,17,1,4060.06
1662,656,5,3,531.02
1663,657,9,3,2615.73
1664,657,12,2,3500.23
1665,658,12,3,3500.23
1666,658,12,3,3500.23
1667,658,2,3,4683.97
1668,659,14,2,1829.48
1669,660,13,2,3527.3
1670,660,13,2,3527.3
1671,660,13,2,3527.3
1672,660,14,3,1829.48
1673,661,2,1,4683.97
1674,661,14,3,1829.48
1675,661,5,2,531.02
1676,662,3,2,3495.35
1677,663,13,1,3527.3
1678,663,3,3,3495.35
1679,664,13,1,3527.3
1680,664,15,3,1503.28
1681,664,9,2,2615.73
1682,665,17,1,4060.06
1683,665,5,3,531.02
1684,666,6,2,3094.29
1685,666,20,2,2581.14
1686,666,18,3,4342.01
1687,667,17,3,4060.06
1688,667,5,1,531.02
1689,667,5,3,531.02
1690,668,12,1,3500.23
1691,669,14,3,1829.48
1692,669,19,2,4570.54
1693,669,18,2,4342.01
1694,670,14,3,1829.48
1695,670,17,2,4060.06
1696,670,15,3,1503.28
1697,670,17,3,4060.06
1698,671,11,3,3716.8
1699,671,18,1,4342.01
1700,671,19,3,4570.54
1701,672,6,2,3094.29
1702,672,19,3,4570.54
1703,672,11,2,3716.8
1704,673,19,2,4570.54
1705,673,7,3,4950.77
1706,673,6,3,3094.29
1707,673,13,2,3527.3
1708,674,11,1,3716.8
1709,675,4,2,2871.8
1710,675,8,1,743.42
1711,675,10,1,4393.0
1712,676,6,1,3094.29
1713,676,17,3,4060.06
1714,676,11,2,3716.8
1715,677,14,1,1829.48
1716,677,18,3,4342.01
1717,677,4,1,2871.8
1718,678,19,3,4570.54
1719,678,2,3,4683.97
1720,678,15,1,1503.28
1721,679,3,1,3495.35
1722,680,12,2,3500.23
1723,680,13,3,3527.3
1724,681,3,3,3495.35
1725,681,16,3,4056.34
1726,682,18,3,4342.01
1727,682,17,2,4060.06
1728,683,14,1,1829.48
1729,683,15,1,1503.28
1730,683,1,1,2806.17
1731,683,16,1,4056.34
1732,684,7,3,4950.77
1733,684,4,3,2871.8
1734,684,18,3,4342.01
1735,684,2,3,4683.97
1736,685,13,3,3527.3
1737,685,14,2,1829.48
1738,685,19,2,4570.54
1739,685,15,3,1503.28
1740,686,14,2,1829.48
1741,686,14,1,1829.48
1742,686,9,1,2615.73
1743,687,11,1,3716.8
1744,688,12,2,3500.23
1745,688,11,2,3716.8
1746,688,13,3,3527.3
1747,689,15,2,1503.28
1748,689,13,3,3527.3
1749,690,4,3,2871.8
1750,690,5,1,531.02
1751,691,1,3,2806.17
1752,691,9,2,2615.73
1753,691,13,1,3527.3
1754,692,9,3,2615.73
1755,693,16,3,4056.34
1756,693,6,3,3094.29
1757,693,6,1,3094.29
1758,694,3,1,3495.35
1759,695,20,1,2581.14
1760,696,1,2,2806.17
1761,696,15,3,1503.28
1762,696,19,2,4570.54
1763,697,14,1,1829.48
1764,697,3,3,3495.35
1765,697,6,3,3094.29
1766,697,16,3,4056.34
1767,698,15,2,1503.28
1768,698,16,1,4056.34
1769,698,9,2,2615.73
1770,698,19,1,4570.54
1771,699,11,1,3716.8
1772,700,5,3,531.02
1773,700,17,1,4060.06
1774,701,6,2,3094.29
1775,701,1,2,2806.17
1776,702,7,2,4950.77
1777,702,20,3,2581.14
1778,702,2,3,4683.97
1779,703,17,2,4060.06
1780,703,4,2,2871.8
1781,703,13,3,3527.3
1782,703,13,1,3527.3
1783,704,7,1,4950.77
1784,704,9,3,2615.73
1785,704,16,1,4056.34
1786,705,6,1,3094.29
1787,705,12,1,3500.23
1788,705,10,1,4393.0
1789,705,6,2,3094.29
1790,706,6,1,3094.29
1791,706,20,2,2581.14
1792,707,18,1,4342.01
1793,707,13,1,3527.3
1794,707,14,1,1829.48
1795,707,14,2,1829.48
1796,708,15,2,1503.28
1797,709,13,3,3527.3
1798,709,6,1,3094.29
1799,709,3,1,3495.35
1800,710,4,3,2871.8
1801,710,18,2,4342.01
1802,710,16,1,4056.34
1803,710,13,1,3527.3
1804,711,5,2,531.02
1805,711,1,1,2806.17
1806,711,14,3,1829.48
1807,711,19,3,4570.54
1808,712,12,3,3500.23
1809,712,6,3,3094.29
1810,712,7,1,4950.77
1811,713,3,3,3495.35
1812,713,20,2,2581.14
1813,713,1,1,2806.17
1814,714,4,2,2871.8
1815,714,18,2,4342.01
1816,715,19,2,4570.54
1817,715,10,3,4393.0
1818,715,18,3,4342.01
1819,716,4,1,2871.8
1820,716,14,3,1829.48
1821,717,18,1,4342.01
1822,718,13,1,3527.3
1823,718,9,1,2615.73
1824,719,12,2,3500.23
1825,719,10,2,4393.0
1826,719,9,2,2615.73
1827,719,7,2,4950.77
1828,720,10,2,4393.0
1829,720,14,2,1829.48
1830,720,5,2,531.02
1831,721,8,2,743.42
1832,721,1,3,2806.17
1833,722,14,1,1829.48
1834,722,16,2,4056.34
1835,723,18,3,4342.01
1836,724,5,2,531.02
1837,725,20,2,2581.14
1838,726,16,3,4056.34
1839,726,5,3,531.02
1840,726,4,2,2871.8
1841,726,3,2,3495.35
1842,727,19,3,4570.54
1843,727,9,1,2615.73
1844,727,9,1,2615.73
1845,727,6,2,3094.29
1846,728,16,1,4056.34
1847,728,17,2,4060.06
1848,729,14,2,1829.48
1849,729,5,3,531.02
1850,730,3,2,3495.35
1851,730,6,1,3094.29
1852,730,19,1,4570.54
1853,730,8,1,743.42
1854,731,16,2,4056.34
1855,731,16,2,4056.34
1856,732,6,3,3094.29
1857,732,2,3,4683.97
1858,732,1,1,2806.17
1859,733,9,3,2615.73
1860,733,15,1,1503.28
1861,734,20,3,2581.14
1862,734,11,1,3716.8
1863,734,3,1,3495.35
1864,735,13,3,3527.3
1865,736,1,1,2806.17
1866,736,10,1,4393.0
1867,736,17,1,4060.06
1868,736,7,2,4950.77
1869,737,5,1,531.02
1870,737,8,3,743.42
1871,737,18,1,4342.01
1872,737,7,1,4950.77
1873,738,11,3,3716.8
1874,738,1,2,2806.17
1875,738,7,1,4950.77
1876,739,1,2,2806.17
1877,740,2,1,4683.97
1878,740,5,1,531.02
1879,740,19,1,4570.54
1880,741,5,3,531.02
1881,741,3,3,3495.35
1882,741,5,2,531.02
1883,742,12,1,3500.23
1884,742,8,1,743.42
1885,742,9,3,2615.73
1886,742,12,1,3500.23
1887,743,15,3,1503.28
1888,744,13,1,3527.3
1889,744,15,1,1503.28
1890,744,17,2,4060.06
1891,744,3,3,3495.35
1892,745,9,2,2615.73
1893,745,19,1,4570.54
1894,746,13,1,3527.3
1895,746,9,2,2615.73
1896,746,6,3,3094.29
1897,747,10,1,4393.0
1898,747,14,3,1829.48
1899,748,10,2,4393.0
1900,748,5,3,531.02
1901,748,17,2,4060.06
1902,748,5,2,531.02
1903,749,3,2,3495.35
1904,749,2,2,4683.97
1905,749,17,3,4060.06
1906,749,13,1,3527.3
1907,750,15,3,1503.28
1908,750,6,1,3094.29
1909,750,18,2,4342.01
1910,750,5,3,531.02
1911,751,19,2,4570.54
1912,751,12,1,3500.23
1913,752,16,2,4056.34
1914,752,1,2,2806.17
1915,752,19,3,4570.54
1916,752,10,3,4393.0
1917,753,1,1,2806.17
1918,753,11,2,3716.8
1919,753,11,3,3716.8
1920,753,8,1,743.42
1921,754,7,3,4950.77
1922,754,17,1,4060.06
1923,755,16,1,4056.34
1924,755,4,1,2871.8
1925,755,15,2,1503.28
1926,755,2,2,4683.97
1927,756,6,3,3094.29
1928,756,3,3,3495.35
1929,757,8,3,743.42
1930,757,3,2,3495.35
1931,757,14,1,1829.48
1932,757,5,1,531.02
1933,758,4,1,2871.8
1934,758,7,2,4950.77
1935,758,6,3,3094.29
1936,758,1,3,2806.17
1937,759,6,3,3094.29
1938,759,19,2,4570.54
1939,760,1,3,2806.17
1940,760,10,3,4393.0
1941,760,18,1,4342.01
1942,760,2,3,4683.97
1943,761,12,3,3500.23
1944,762,2,3,4683.97
1945,762,10,1,4393.0
1946,763,20,1,2581.14
1947,763,8,1,743.42
1948,764,4,2,2871.8
1949,764,5,1,531.02
1950,764,12,3,3500.23
1951,765,3,2,3495.35
1952,765,9,2,2615.73
1953,765,4,2,2871.8
1954,765,7,2,4950.77
1955,766,4,1,2871.8
1956,767,10,2,4393.0
1957,768,5,2,531.02
1958,768,17,1,4060.06
1959,768,4,2,2871.8
1960,769,9,3,2615.73
1961,769,11,3,3716.8
1962,769,5,3,531.02
1963,769,16,3,4056.34
1964,770,11,1,3716.8
1965,770,2,3,4683.97
1966,770,5,3,531.02
1967,771,2,3,4683.97
1968,771,9,2,2615.73
1969,772,5,3,531.02
1970,772,10,1,4393.0
1971,773,4,1,2871.8
1972,774,15,3,1503.28
1973,775,2,1,4683.97
1974,775,15,2,1503.28
1975,776,8,1,743.42
1976,777,10,2,4393.0
1977,777,7,2,4950.77
1978,778,17,1,4060.06
1979,778,12,1,3500.23
1980,778,19,2,4570.54
1981,779,16,2,4056.34
1982,779,19,1,4570.54
1983,779,7,3,4950.77
1984,780,14,1,1829.48
1985,780,2,1,4683.97
1986,780,20,1,2581.14
1987,780,16,2,4056.34
1988,781,15,2,1503.28
1989,781,12,1,3500.23
1990,782,14,2,1829.48
1991,783,2,2,4683.97
1992,783,7,3,4950.77
1993,783,4,1,2871.8
1994,784,2,1,4683.97
1995,784,18,2,4342.01
1996,785,2,2,4683.97
1997,785,15,3,1503.28
1998,786,14,3,1829.48
1999,786,7,1,4950.77
2000,786,3,3,3495.35
2001,786,12,2,3500.23
2002,787,12,2,3500.23
2003,788,15,1,1503.28
2004,788,10,2,4393.0
2005,788,14,2,1829.48
2006,788,2,1,4683.97
2007,789,4,3,2871.8
2008,789,8,3,743.42
2009,789,4,1,2871.8
2010,790,20,2,2581.14
2011,790,13,2,3527.3
2012,791,16,1,4056.34
2013,791,14,1,1829.48
2014,791,2,2,4683.97
2015,791,1,2,2806.17
2016,792,1,1,2806.17
2017,792,12,3,3500.23
2018,792,12,2,3500.23
2019,792,6,1,3094.29
2020,793,16,1,4056.34
2021,794,9,3,2615.73
2022,794,19,3,4570.54
2023,795,11,2,3716.8
2024,795,15,2,1503.28
2025,795,4,3,2871.8
2026,795,20,2,2581.14
2027,796,5,2,531.02
2028,796,18,3,4342.01
2029,797,18,2,4342.01
2030,798,13,2,3527.3
2031,799,3,2,3495.35
2032,799,11,1,3716.8
2033,800,4,1,2871.8
2034,800,18,2,4342.01
2035,800,12,1,3500.23
2036,801,17,2,4060.06
2037,801,18,3,4342.01
2038,801,11,3,3716.8
2039,802,20,3,2581.14
2040,802,15,2,1503.28
2041,802,12,2,3500.23
2042,803,17,3,4060.06
2043,804,11,3,3716.8
2044,804,11,1,3716.8
2045,804,10,2,4393.0
2046,804,16,2,4056.34
2047,805,11,2,3716.8
2048,806,5,1,531.02
2049,806,16,2,4056.34
2050,806,2,3,4683.97
2051,806,2,2,4683.97
2052,807,9,2,2615.73
2053,807,8,3,743.42
2054,807,20,3,2581.14
2055,808,13,2,3527.3
2056,808,18,1,4342.01
2057,808,19,3,4570.54
2058,808,10,2,4393.0
2059,809,10,3,4393.0
2060,809,8,3,743.42
2061,809,8,2,743.42
2062,809,3,3,3495.35
2063,810,17,3,4060.06
2064,810,2,2,4683.97
2065,810,13,2,3527.3
2066,810,2,3,4683.97
2067,811,3,1,3495.35
2068,811,12,1,3500.23
2069,811,11,1,3716.8
2070,812,11,1,3716.8
2071,812,4,3,2871.8
2072,812,1,1,2806.17
2073,812,1,3,2806.17
2074,813,13,3,3527.3
2075,813,15,2,1503.28
2076,814,12,1,3500.23
2077,814,20,2,2581.14
2078,815,12,2,3500.23
2079,816,15,1,1503.28
2080,816,20,1,2581.14
2081,816,15,3,1503.28
2082,817,15,3,1503.28
2083,817,14,3,1829.48
2084,817,6,1,3094.29
2085,818,19,1,4570.54
2086,818,20,1,2581.14
2087,818,15,1,1503.28
2088,819,13,1,3527.3
2089,819,1,2,2806.17
2090,819,8,3,743.42
2091,820,11,1,3716.8
2092,820,18,3,4342.01
2093,820,16,3,4056.34
2094,820,2,3,4683.97
2095,821,6,1,3094.29
2096,821,8,2,743.42
2097,822,1,2,2806.17
2098,822,9,3,2615.73
2099,822,1,1,2806.17
2100,822,16,1,4056.34
2101,823,19,1,4570.54
2102,823,5,3,531.02
2103,824,10,3,4393.0
2104,825,13,1,3527.3
2105,825,9,2,2615.73
2106,826,8,1,743.42
2107,827,8,1,743.42
2108,828,14,2,1829.48
2109,829,3,1,3495.35
2110,829,13,3,3527.3
2111,829,8,1,743.42
2112,830,6,2,3094.29
2113,830,16,2,4056.34
2114,831,1,2,2806.17
2115,831,5,3,531.02
2116,832,13,2,3527.3
2117,832,11,3,3716.8
2118,832,6,1,3094.29
2119,833,10,3,4393.0
2120,833,15,1,1503.28
2121,833,16,1,4056.34
2122,834,5,2,531.02
2123,834,14,3,1829.48
2124,834,13,2,3527.3
2125,835,11,3,3716.8
2126,835,11,2,3716.8
2127,835,15,2,1503.28
2128,836,4,3,2871.8
2129,836,5,1,531.02
2130,836,15,2,1503.28
2131,837,1,3,2806.17
2132,837,1,2,2806.17
2133,837,16,2,4056.34
2134,837,8,2,743.42
2135,838,15,3,1503.28
2136,838,18,1,4342.01
2137,838,12,1,3500.23
2138,838,11,1,3716.8
2139,839,7,2,4950.77
2140,839,15,1,1503.28
2141,839,20,2,2581.14
2142,839,2,1,4683.97
2143,840,4,2,2871.8
2144,840,13,3,3527.3
2145,840,15,2,1503.28
2146,840,3,2,3495.35
2147,841,12,3,3500.23
2148,841,5,2,531.02
2149,841,13,1,3527.3
2150,841,19,3,4570.54
2151,842,15,1,1503.28
2152,842,10,2,4393.0
2153,842,11,2,3716.8
2154,843,9,2,2615.73
2155,844,13,3,3527.3
2156,844,7,1,4950.77
2157,844,19,2,4570.54
2158,844,14,3,1829.48
2159,845,16,2,4056.34
2160,845,3,1,3495.35
2161,845,10,1,4393.0
2162,846,4,3,2871.8
2163,847,16,2,4056.34
2164,847,6,1,3094.29
2165,847,15,1,1503.28
2166,847,7,3,4950.77
2167,848,18,3,4342.01
2168,848,12,2,3500.23
2169,848,9,3,2615.73
2170,848,16,1,4056.34
2171,849,18,1,4342.01
2172,850,18,1,4342.01
2173,850,7,2,4950.77
2174,851,15,1,1503.28
2175,852,6,1,3094.29
2176,852,17,3,4060.06
2177,852,14,3,1829.48
2178,853,3,2,3495.35
2179,853,9,1,2615.73
2180,853,3,1,3495.35
2181,854,9,2,2615.73
2182,854,14,2,1829.48
2183,854,13,3,3527.3
2184,855,1,3,2806.17
2185,856,12,1,3500.23
2186,856,11,3,3716.8
2187,857,16,2,4056.34
2188,857,1,1,2806.17
2189,857,4,3,2871.8
2190,858,3,1,3495.35
2191,858,6,1,3094.29
2192,859,15,3,1503.28
2193,859,7,3,4950.77
2194,859,14,1,1829.48
2195,859,11,1,3716.8
2196,860,10,2,4393.0
2197,860,2,2,4683.97
2198,860,10,3,4393.0
2199,860,8,3,743.42
2200,861,20,2,2581.14
2201,861,15,2,1503.28
2202,862,14,1,1829.48
2203,862,7,3,4950.77
2204,863,19,3,4570.54
2205,863,3,2,3495.35
2206,863,15,1,1503.28
2207,864,18,2,4342.01
2208,865,1,1,2806.17
2209,865,16,2,4056.34
2210,865,13,1,3527.3
2211,866,14,1,1829.48
2212,866,4,1,2871.8
2213,866,17,1,4060.06
2214,867,10,2,4393.0
2215,867,15,2,1503.28
2216,867,8,3,743.42
2217,867,19,2,4570.54
2218,868,18,2,4342.01
2219,868,8,2,743.42
2220,868,18,1,4342.01
2221,869,12,3,3500.23
2222,869,17,3,4060.06
2223,870,10,2,4393.0
2224,870,15,3,1503.28
2225,870,16,1,4056.34
2226,870,20,2,2581.14
2227,871,20,3,2581.14
2228,871,5,3,531.02
2229,872,12,2,3500.23
2230,873,17,2,4060.06
2231,874,17,2,4060.06
2232,874,11,1,3716.8
2233,874,1,1,2806.17
2234,874,13,1,3527.3
2235,875,11,1,3716.8
2236,875,19,3,4570.54
2237,876,11,1,3716.8
2238,877,16,1,4056.34
2239,878,2,2,4683.97
2240,878,6,3,3094.29
2241,878,14,1,1829.48
2242,879,1,3,2806.17
2243,880,9,1,2615.73
2244,880,2,2,4683.97
2245,881,2,2,4683.97
2246,881,2,2,4683.97
2247,881,1,3,2806.17
2248,882,6,2,3094.29
2249,882,3,2,3495.35
2250,883,9,1,2615.73
2251,884,20,1,2581.14
2252,884,17,3,4060.06
2253,884,8,1,743.42
2254,884,4,1,2871.8
2255,885,4,3,2871.8
2256,885,11,2,3716.8
2257,885,13,1,3527.3
2258,886,12,2,3500.23
2259,887,6,1,3094.29
2260,887,8,3,743.42
2261,888,4,1,2871.8
2262,888,2,1,4683.97
2263,888,9,2,2615.73
2264,889,7,3,4950.77
2265,889,14,1,1829.48
2266,889,3,3,3495.35
2267,890,19,2,4570.54
2268,890,4,3,2871.8
2269,890,16,1,4056.34
2270,890,19,1,4570.54
2271,891,18,2,4342.01
2272,891,13,2,3527.3
2273,891,13,2,3527.3
2274,891,20,3,2581.14
2275,892,5,2,531.02
2276,893,17,1,4060.06
2277,893,5,2,531.02
2278,893,8,3,743.42
2279,894,14,3,1829.48
2280,894,3,3,3495.35
2281,894,10,3,4393.0
2282,895,12,2,3500.23
2283,895,12,3,3500.23
2284,895,6,1,3094.29
2285,895,19,2,4570.54
2286,896,17,1,4060.06
2287,896,7,2,4950.77
2288,897,11,1,3716.8
2289,897,1,1,2806.17
2290,897,6,3,3094.29
2291,897,1,3,2806.17
2292,898,4,3,2871.8
2293,898,4,2,2871.8
2294,898,19,3,4570.54
2295,898,5,3,531.02
2296,899,6,1,3094.29
2297,899,5,2,531.02
2298,900,13,1,3527.3
2299,900,7,1,4950.77
2300,900,3,1,3495.35
2301,901,19,2,4570.54
2302,901,14,3,1829.48
2303,902,15,2,1503.28
2304,902,12,2,3500.23
2305,902,20,2,2581.14
2306,903,14,3,1829.48
2307,903,10,3,4393.0
2308,903,14,2,1829.48
2309,903,9,3,2615.73
2310,904,17,1,4060.06
2311,904,11,2,3716.8
2312,904,4,2,2871.8
2313,904,17,2,4060.06
2314,905,13,1,3527.3
2315,906,3,2,3495.35
2316,906,3,3,3495.35
2317,906,16,1,4056.34
2318,907,2,3,4683.97
2319,908,1,3,2806.17
2320,908,15,2,1503.28
2321,908,1,3,2806.17
2322,909,18,1,4342.01
2323,909,13,3,3527.3
2324,910,5,1,531.02
2325,910,13,3,3527.3
2326,911,7,3,4950.77
2327,911,2,2,4683.97
2328,911,4,2,2871.8
2329,911,19,1,4570.54
2330,912,10,2,4393.0
2331,912,10,2,4393.0
2332,913,13,3,3527.3
2333,913,19,3,4570.54
2334,913,14,2,1829.48
2335,913,1,2,2806.17
2336,914,5,3,531.02
2337,914,19,3,4570.54
2338,915,5,2,531.02
2339,915,9,3,2615.73
2340,915,16,3,4056.34
2341,915,9,3,2615.73
2342,916,11,3,3716.8
2343,916,8,3,743.42
2344,916,17,1,4060.06
2345,916,12,1,3500.23
2346,917,9,3,2615.73
2347,917,16,1,4056.34
2348,918,16,2,4056.34
2349,919,19,2,4570.54
2350,919,19,2,4570.54
2351,920,12,3,3500.23
2352,920,20,3,2581.14
2353,920,13,3,3527.3
2354,921,14,3,1829.48
2355,921,4,1,2871.8
2356,921,16,1,4056.34
2357,921,19,2,4570.54
2358,922,17,3,4060.06
2359,922,3,2,3495.35
2360,922,6,1,3094.29
2361,922,10,2,4393.0
2362,923,7,3,4950.77
2363,923,11,2,3716.8
2364,923,16,3,4056.34
2365,923,1,2,2806.17
2366,924,5,1,531.02
2367,924,14,1,1829.48
2368,924,3,2,3495.35
2369,924,11,3,3716.8
2370,925,5,2,531.02
2371,925,9,1,2615.73
2372,926,8,2,743.42
2373,927,1,1,2806.17
2374,928,9,1,2615.73
2375,928,7,3,4950.77
2376,929,5,1,531.02
2377,929,18,1,4342.01
2378,930,19,1,4570.54
2379,931,4,3,2871.8
2380,932,19,2,4570.54
2381,933,19,3,4570.54
2382,933,20,1,2581.14
2383,933,9,1,2615.73
2384,934,19,3,4570.54
2385,934,17,2,4060.06
2386,934,6,3,3094.29
2387,935,8,1,743.42
2388,935,15,1,1503.28
2389,935,19,3,4570.54
2390,935,19,1,4570.54
2391,936,4,1,2871.8
2392,936,14,2,1829.48
2393,937,11,2,3716.8
2394,937,8,2,743.42
2395,937,13,2,3527.3
2396,938,14,1,1829.48
2397,939,2,1,4683.97
2398,939,8,3,743.42
2399,939,20,3,2581.14
2400,939,3,3,3495.35
2401,940,20,3,2581.14
2402,940,20,2,2581.14
2403,940,15,2,1503.28
2404,941,20,3,2581.14
2405,942,18,2,4342.01
2406,943,8,3,743.42
2407,943,8,3,743.42
2408,943,10,3,4393.0
2409,944,10,2,4393.0
2410,944,3,1,3495.35
2411,944,3,2,3495.35
2412,945,19,3,4570.54
2413,945,19,1,4570.54
2414,945,1,3,2806.17
2415,946,20,1,2581.14
2416,947,1,3,2806.17
2417,947,10,3,4393.0
2418,948,12,2,3500.23
2419,948,1,3,2806.17
2420,948,9,3,2615.73
2421,948,19,2,4570.54
2422,949,4,2,2871.8
2423,949,9,1,2615.73
2424,949,4,3,2871.8
2425,949,8,2,743.42
2426,950,11,2,3716.8
2427,950,10,1,4393.0
2428,950,17,2,4060.06
2429,951,4,1,2871.8
2430,951,8,1,743.42
2431,951,19,3,4570.54
2432,952,12,3,3500.23
2433,953,2,2,4683.97
2434,953,6,1,3094.29
2435,953,11,1,3716.8
2436,954,16,1,4056.34
2437,954,8,3,743.42
2438,955,13,1,3527.3
2439,955,1,3,2806.17
2440,955,8,1,743.42
2441,956,17,3,4060.06
2442,956,8,2,743.42
2443,956,19,2,4570.54
2444,957,5,2,531.02
2445,957,9,2,2615.73
2446,957,20,2,2581.14
2447,957,4,3,2871.8
2448,958,9,2,2615.73
2449,958,2,1,4683.97
2450,959,13,1,3527.3
2451,959,14,2,1829.48
2452,959,5,3,531.02
2453,960,10,1,4393.0
2454,960,9,1,2615.73
2455,961,1,2,2806.17
2456,962,20,3,2581.14
2457,962,17,2,4060.06
2458,962,3,2,3495.35
2459,962,18,1,4342.01
2460,963,2,2,4683.97
2461,963,7,1,4950.77
2462,963,7,1,4950.77
2463,963,8,1,743.42
2464,964,16,2,4056.34
2465,964,7,2,4950.77
2466,964,17,1,4060.06
2467,964,18,2,4342.01
2468,965,11,1,3716.8
2469,965,4,2,2871.8
2470,965,9,1,2615.73
2471,965,10,2,4393.0
2472,966,11,3,3716.8
2473,967,10,2,4393.0
2474,967,17,1,4060.06
2475,968,14,2,1829.48
2476,968,5,2,531.02
2477,969,2,1,4683.97
2478,969,18,3,4342.01
2479,969,2,1,4683.97
2480,969,6,3,3094.29
2481,970,8,1,743.42
2482,971,7,1,4950.77
2483,971,15,3,1503.28
2484,971,14,3,1829.48
2485,972,17,2,4060.06
2486,972,11,2,3716.8
2487,972,13,3,3527.3
2488,972,15,3,1503.28
2489,973,12,2,3500.23
2490,973,20,3,2581.14
2491,973,16,1,4056.34
2492,973,13,1,3527.3
2493,974,1,3,2806.17
2494,974,9,2,2615.73
2495,975,15,3,1503.28
2496,975,12,2,3500.23
2497,976,20,3,2581.14
2498,976,19,2,4570.54
2499,976,17,2,4060.06
2500,977,7,3,4950.77
2501,977,5,1,531.02
2502,978,6,2,3094.29
2503,978,4,3,2871.8
2504,979,5,3,531.02
2505,979,1,2,2806.17
2506,979,6,3,3094.29
2507,979,14,1,1829.48
2508,980,10,3,4393.0
2509,980,1,1,2806.17
2510,980,18,2,4342.01
2511,981,13,1,3527.3
2512,981,7,3,4950.77
2513,982,5,3,531.02
2514,982,19,3,4570.54
2515,982,7,3,4950.77
2516,983,11,1,3716.8
2517,983,14,3,1829.48
2518,983,18,3,4342.01
2519,983,4,2,2871.8
2520,984,3,3,3495.35
2521,984,3,2,3495.35
2522,984,13,2,3527.3
2523,985,10,1,4393.0
2524,985,15,1,1503.28
2525,986,17,1,4060.06
2526,986,5,2,531.02
2527,987,13,3,3527.3
2528,987,19,1,4570.54
2529,987,12,3,3500.23
2530,988,11,1,3716.8
2531,988,12,3,3500.23
2532,988,4,2,2871.8
2533,989,19,3,4570.54
2534,989,13,3,3527.3
2535,990,11,1,3716.8
2536,990,13,1,3527.3
2537,991,11,3,3716.8
2538,992,11,1,3716.8
2539,992,8,3,743.42
2540,992,4,2,2871.8
2541,993,9,2,2615.73
2542,993,20,2,2581.14
2543,994,1,3,2806.17
2544,994,17,2,4060.06
2545,994,10,2,4393.0
2546,994,15,3,1503.28
2547,995,14,2,1829.48
2548,995,20,2,2581.14
2549,996,14,3,1829.48
2550,996,2,1,4683.97
2551,997,12,1,3500.23
2552,997,11,1,3716.8
2553,997,4,1,2871.8
2554,998,15,3,1503.28
2555,999,1,1,2806.17
2556,999,1,3,2806.17
2557,999,15,3,1503.28
2558,1000,12,2,3500.23
2559,1000,5,3,531.02
2560,1000,16,3,4056.34
2561,1000,1,2,2806.17
